Description,Month,Arrivals
Total arrivals,2021-01-01,39804
Arrivals of residents,2021-01-01,24553
Arrivals of non-residents,2021-01-01,15251
Total arrivals,2021-02-01,38365
Arrivals of residents,2021-02-01,21378
Arrivals of non-residents,2021-02-01,16987
Total arrivals,2021-03-01,39692
Arrivals of residents,2021-03-01,20639
Arrivals of non-residents,2021-03-01,19053
Total arrivals,2021-04-01,54721
Arrivals of residents,2021-04-01,27865
Arrivals of non-residents,2021-04-01,26856
Total arrivals,2021-05-01,72992
Arrivals of residents,2021-05-01,34868
Arrivals of non-residents,2021-05-01,38124
Total arrivals,2021-06-01,138766
Arrivals of residents,2021-06-01,62828
Arrivals of non-residents,2021-06-01,75938
Total arrivals,2021-07-01,246666
Arrivals of residents,2021-07-01,91712
Arrivals of non-residents,2021-07-01,154954
Total arrivals,2021-08-01,257338
Arrivals of residents,2021-08-01,98522
Arrivals of non-residents,2021-08-01,158816
Total arrivals,2021-09-01,126171
Arrivals of residents,2021-09-01,50477
Arrivals of non-residents,2021-09-01,75694
Total arrivals,2021-10-01,74862
Arrivals of residents,2021-10-01,35431
Arrivals of non-residents,2021-10-01,39431
Total arrivals,2021-11-01,68681
Arrivals of residents,2021-11-01,34209
Arrivals of non-residents,2021-11-01,34472
Total arrivals,2021-12-01,72858
Arrivals of residents,2021-12-01,43353
Arrivals of non-residents,2021-12-01,29505
Total arrivals,2022-01-01,59969
Arrivals of residents,2022-01-01,39351
Arrivals of non-residents,2022-01-01,20618
Total arrivals,2022-02-01,58018
Arrivals of residents,2022-02-01,37008
Arrivals of non-residents,2022-02-01,21010
Total arrivals,2022-03-01,61008
Arrivals of residents,2022-03-01,33440
Arrivals of non-residents,2022-03-01,27568
Total arrivals,2022-04-01,73932
Arrivals of residents,2022-04-01,37489
Arrivals of non-residents,2022-04-01,36443
Total arrivals,2022-05-01,121265
Arrivals of residents,2022-05-01,49361
Arrivals of non-residents,2022-05-01,71904
Total arrivals,2022-06-01,174143
Arrivals of residents,2022-06-01,72360
Arrivals of non-residents,2022-06-01,101783
Total arrivals,2022-07-01,278616
Arrivals of residents,2022-07-01,103686
Arrivals of non-residents,2022-07-01,174930
Total arrivals,2022-08-01,299831
Arrivals of residents,2022-08-01,112278
Arrivals of non-residents,2022-08-01,187553
Total arrivals,2022-09-01,176234
Arrivals of residents,2022-09-01,66053
Arrivals of non-residents,2022-09-01,110181
Total arrivals,2022-10-01,108059
Arrivals of residents,2022-10-01,49441
Arrivals of non-residents,2022-10-01,58618
Total arrivals,2022-11-01,77970
Arrivals of residents,2022-11-01,38247
Arrivals of non-residents,2022-11-01,39723
Total arrivals,2022-12-01,80937
Arrivals of residents,2022-12-01,44753
Arrivals of non-residents,2022-12-01,36184
Total arrivals,2023-01-01,75741
Arrivals of residents,2023-01-01,41118
Arrivals of non-residents,2023-01-01,34623
Total arrivals,2023-02-01,73778
Arrivals of residents,2023-02-01,38863
Arrivals of non-residents,2023-02-01,34915
Total arrivals,2023-03-01,79164
Arrivals of residents,2023-03-01,38747
Arrivals of non-residents,2023-03-01,40417
Total arrivals,2023-04-01,115033
Arrivals of residents,2023-04-01,47413
Arrivals of non-residents,2023-04-01,67620
Total arrivals,2023-05-01,167390
Arrivals of residents,2023-05-01,57958
Arrivals of non-residents,2023-05-01,109432
Total arrivals,2023-06-01,260711
Arrivals of residents,2023-06-01,81189
Arrivals of non-residents,2023-06-01,179522
Total arrivals,2023-07-01,387230
Arrivals of residents,2023-07-01,150676
Arrivals of non-residents,2023-07-01,236554
Total arrivals,2023-08-01,492929
Arrivals of residents,2023-08-01,185942
Arrivals of non-residents,2023-08-01,306987
Total arrivals,2023-09-01,299781
Arrivals of residents,2023-09-01,105884
Arrivals of non-residents,2023-09-01,193897
Total arrivals,2023-10-01,152831
Arrivals of residents,2023-10-01,71201
Arrivals of non-residents,2023-10-01,81630
Total arrivals,2023-11-01,111865
Arrivals of residents,2023-11-01,48184
Arrivals of non-residents,2023-11-01,63681
Total arrivals,2023-12-01,119677
Arrivals of residents,2023-12-01,59628
Arrivals of non-residents,2023-12-01,60049
Total arrivals,2024-01-01,96256
Arrivals of residents,2024-01-01,46988
Arrivals of non-residents,2024-01-01,49268
Total arrivals,2024-02-01,91231
Arrivals of residents,2024-02-01,36068
Arrivals of non-residents,2024-02-01,55163
Total arrivals,2024-03-01,115287
Arrivals of residents,2024-03-01,47085
Arrivals of non-residents,2024-03-01,68202
Total arrivals,2024-04-01,186354
Arrivals of residents,2024-04-01,56622
Arrivals of non-residents,2024-04-01,129732
Total arrivals,2024-05-01,244059
Arrivals of residents,2024-05-01,65426
Arrivals of non-residents,2024-05-01,178633
Total arrivals,2024-06-01,365185
Arrivals of residents,2024-06-01,96164
Arrivals of non-residents,2024-06-01,269021
Total arrivals,2024-07-01,526293
Arrivals of residents,2024-07-01,164015
Arrivals of non-residents,2024-07-01,362278
Total arrivals,2024-08-01,650593
Arrivals of residents,2024-08-01,188167
Arrivals of non-residents,2024-08-01,462426
Total arrivals,2024-09-01,402136
Arrivals of residents,2024-09-01,108227
Arrivals of non-residents,2024-09-01,293909
Total arrivals,2024-10-01,218541
Arrivals of residents,2024-10-01,71674
Arrivals of non-residents,2024-10-01,146867
Total arrivals,2024-11-01,146354
Arrivals of residents,2024-11-01,49510
Arrivals of non-residents,2024-11-01,96844
Total arrivals,2024-12-01,136152
Arrivals of residents,2024-12-01,63402
Arrivals of non-residents,2024-12-01,72750
Total arrivals,2025-01-01,124160
Arrivals of residents,2025-01-01,54184
Arrivals of non-residents,2025-01-01,69976
Total arrivals,2025-02-01,123957
Arrivals of residents,2025-02-01,48946
Arrivals of non-residents,2025-02-01,75011
Total arrivals,2025-03-01,141668
Arrivals of residents,2025-03-01,54079
Arrivals of non-residents,2025-03-01,87589
Total arrivals,2025-04-01,213664
Arrivals of residents,2025-04-01,64043
Arrivals of non-residents,2025-04-01,149621
Total arrivals,2025-05-01,321580
Arrivals of residents,2025-05-01,77595
Arrivals of non-residents,2025-05-01,243985
Total arrivals,2025-06-01,501176
Arrivals of residents,2025-06-01,131493
Arrivals of non-residents,2025-06-01,369683
Total arrivals,2025-07-01,708605
Arrivals of residents,2025-07-01,182303
Arrivals of non-residents,2025-07-01,526302
Total arrivals,2025-08-01,878901
Arrivals of residents,2025-08-01,228793
Arrivals of non-residents,2025-08-01,650108
Total arrivals,2025-09-01,529619
Arrivals of residents,2025-09-01,124608
Arrivals of non-residents,2025-09-01,405011
Total arrivals,2025-10-01,304047
Arrivals of residents,2025-10-01,75844
Arrivals of non-residents,2025-10-01,228203
Total arrivals,2025-11-01,190239
Arrivals of residents,2025-11-01,63393
Arrivals of non-residents,2025-11-01,126846
Total arrivals,2025-12-01,173194
Arrivals of residents,2025-12-01,65817
Arrivals of non-residents,2025-12-01,107377
Total arrivals,2026-01-01,142924
Arrivals of residents,2026-01-01,63279
Arrivals of non-residents,2026-01-01,79645
Total arrivals,2026-02-01,135986
Arrivals of residents,2026-02-01,54132
Arrivals of non-residents,2026-02-01,81854
Total arrivals,2026-03-01,171068
Arrivals of residents,2026-03-01,62677
Arrivals of non-residents,2026-03-01,108391
Total arrivals,2026-04-01,255742
Arrivals of residents,2026-04-01,72288
Arrivals of non-residents,2026-04-01,183454
Total arrivals,2026-05-01,361401
Arrivals of residents,2026-05-01,86434
Arrivals of non-residents,2026-05-01,274967
Total arrivals,2026-06-01,586608
Arrivals of residents,2026-06-01,140762
Arrivals of non-residents,2026-06-01,445846
